,calories,protein,fat,sodium,fiber,carbo,sugars,potass,vitamins,weight,cups
0,135.0,3.166666666666667,1.6666666666666665,180.41666666666666,3.541666666666667,15.625,10.916666666666668,172.08333333333331,37.5,1.2875,0.7583333333333333
1,105.29411764705883,2.7058823529411766,0.5294117647058822,237.05882352941177,1.176470588235294,19.294117647058822,3.0,62.352941176470594,42.64705882352941,1.0,1.0029411764705882
2,108.52941176470588,2.058823529411765,1.2941176470588236,161.02941176470588,1.397058823529412,12.661764705882353,9.411764705882353,74.07843137254902,24.264705882352942,1.0,0.7823529411764706
3,85.45454545454544,2.7272727272727275,0.2727272727272727,8.636363636363626,2.0636363636363635,15.80023923444976,2.5478468899521536,93.06060606060606,9.090909090909093,0.8936363636363636,0.8463636363636364
4,63.333333333333336,4.0,0.6666666666666666,176.66666666666666,11.0,6.666666666666666,3.6666666666666665,310.0,25.0,1.0,0.38666666666666666
